system-ipv4-capable,34408
system-ipv4-rfc1918,27277
system-v3,19114
system-ipv6-capable,15415
system-ipv4-works,10685
system-resolves-a-correctly,10661
system-resolves-aaaa-correctly,10540
system-ipv4-stable-1d,10153
nat,10145
system-ipv4-stable-30d,9596
system-ipv4-stable-90d,8781
ipv4,7986
home,7854
system-software,6747
fibre,5546
system-ipv6-works,4992
system-ipv6-stable-1d,4553
ipv6,4482
system-v4,4064
system-ipv6-stable-30d,4055
system-ipv6-stable-90d,3553
native-ipv6,3392
cable,2887
system-flash-drive-filesystem-corrupted,2849
no-nat,2819
datacentre,2624
native-ipv4,2602
system-v2,2550
system-auto-geoip-city,2327
dual-stack,2140
system-no-flash-drive,1881
system-ipv6-ula,1833
dsl,1824
office,1763
system-v5,1664
ftth,1637
system-v1,1310
system-anchor,1309
system-dns-problem-suspected,1297
system-firewall-problem-suspected,895
isp,890
core,848
multihomed,828
system-auto-geoip-country,754
system-virtual,748
vdsl2,699
vdsl,631
ipv6-tunnel,592
academic,542
system-trying-to-connect,529
system-readonly-flash-drive,483
iwantbcp38compliancetesting,470
system-no-controller-connection,454
probe-v3,390
docsis3,377
adsl,366
system-ipv6-doesnt-work,358
raspberry-pi,330
wireless-isp,329
v5askey,315
system-v2-soekris,310
double-nat,293
homelab,291
gpon,287
mobile,287
lte,278
cgn,275
docker,270
dtag,261
ixp,253
noc,250
comcast,250
4g,245
orange,237
system-v3-pc-engines,236
free,235
pppoe,221
he,205
broken,201
known-ipv6-issues,201
no-ipv6,198
system-resolver-mangles-case,195
system-doesnt-resolve-aaaa,190
wi-fi,187
vpn,187
system-bad-firmware-signature,177
openwrt-3,150
hackerspace,140
fios,135
upc,133
system-doesnt-resolve-a,130
pi-hole,123
nosi,123
docsis-31,112
6to4,112
ds-lite,111
vodafone,110
beta,100
satellite,99
ups,89
system-flash-drive-bad-or-too-small,89
ziggo,85
known-ipv4-issues,83
telekom,81
vps,81
system-ipv4-doesnt-work,79
fttc,71
aws,69
qc,69
starlink,67
system-flash-drive-problem-detected,63
3g,62
6rd,61
system-resolves-aaaa-incorrectly,60
ipv6-only,59
twc,54
att,50
5g,50
spectrum,49
v5hitron,48
epix,47
wimax,46
nat64,45
turris-omnia,44
ipv6nat,44
internet2,44
probe-v4,44
sfr,43
prod-2,41
kpn,40
t-mobile,40
turris,36
xfinity,35
xs4all,31
freifunk,29
no-ipv4,29
11,28
o2,27
palfa,23
srs1cmts003,23
system-flakey-connection,22
meeting,21
alfa,21
system-flakey-power,18
mta1cmts007,18
google-fiber,18
bouygues,17
any-request-mailtozhengliucapitalonlinenet,17
cloud-service-provider,17
nbn,15
sixxs,15
ovh-2,14
telia,12
mikrotik,12
system-wifi,12
kadabra,11
tweak,11
telenet,10
fttb-2,10
464xlat,10
container,10
telus,9
dnssec,9
rmd1cmts010,9
mta1cmts008,9
alpine,9
interior,9
fttp-2,8
gigabit,8
bell,8
fbnh,8
tim-2,8
airtel-2,8
srs1cmts005,8
prg1cmts009,8
alg1cmts007,8
alg1cmts009,8
r-kom,8
zeop,7
datacenter,7
madrid,7
que1cmts010,7
sac1cmts005,7
alv1cmts009,7
alg1cmts008,7
rmd1cmts009,7
centurylink,6
stibo,6
zen,6
proximus,6
pfsense,6
forwardingplane,6
france,6
cox-3,6
deutsche-glasfaser,6
sepp,6
mikrotik-3,6
srs1cmts006,6
pno1cmts010,6
rmd1cmts011,6
vm,6
lxc-2,6
dead,5
6in4,5
bgp,5
kansal,5
swisscom,5
static-ip,5
frontier,5
fiber,5
shaw,5
telenor,5
nren,5
lxc,5
zeroav,5
alv1cmts008,5
prg1cmts008,5
mta1cmts009,5
odi1cmts009,5
que1cmts011,5
agp1cmts007,5
cai1cmts007,5
cmp1cmts008,5
ukraine,4
dn42,4
unix-solutions,4
freedom-internet,4
fttp,4
gpnrp,4
gcp,4
system-geoloc-disputed,4
cloud,4
iptv,4
xgs-pon-2,4
verizon,4
mesh,4
irlinja,4
h3a,4
virgin-media,4
makerspace,4
adsl2-2,4
caiway,4
opnsense-3,4
hfc,4
openfiber,4
airteksolutions,4
cyres,4
tours,4
umsa,4
cityfibre,4
dimensione,4
verizon-2,4
sarvagya,4
prg1cmts007,4
odi1cmts008,4
srs1cmts004,4
srs1cmts001,4
que1cmts012,4
erm1cmts006,4
pno1cmts013,4
brg1cmts006,4
par1cmts006,4
par1cmts007,4
que1cmts009,4
fiona,4
oracle,4
decommissioned,3
freedom,3
chroot,3
rpinto,3
alaska,3
kabel-deutschland,3
islamic-azad-university,3
qom,3
mojtaba-farrokhi-far,3
hostiran,3
fastgr_probes,3
eir-3,3
sonic,3
megafon,3
unitymedia,3
fixed-wireless,3
voo,3
defect,3
freedominternet,3
vivo,3
freebox,3
wlan,3
nordic,3
nordic-telecom,3
ebox,3
rural,3
probe,3
indonesia,3
fastweb,3
ethernet,3
hybrid,3
fttb,3
docsis,3
yousee,3
tdc,3
tdc-group,3
as553,3
student-dormitories-in-stuttgartgermany,3
selfnet-ev,3
user-port,3
studentenwohnheim,3
student-dormitory,3
balticom,3
iran,3
ciklet,3
dmz,3
italy,3
broadband,3
as174,3
portugal-2,3
tugatech,3
dead-3,3
salamanca,3
rcts,3
nm,3
new-mexico,3
rpnet,3
gigabit-2,3
parknet,3
plusnet,3
1cb04421430d,3
telstra,3
glofiber,3
open-fiber,3
static-ip-2,3
cgnat,3
unifi,3
bsb,3
hybrid-2,3
excitel,3
hyper-v,3
proxmox-2,3
omnia,3
owner-dev-nulll,3
scaleway,3
azure,3
amazon,3
vca1cmts003,3
grj1cmts004,3
srs1cmts002,3
cmp1cmts007,3
lra1cmts011,3
vld1cmts007,3
fun1cmts013,3
fro1cmts006,3
fro1cmts005,3
vld1cmts009,3
vpi1cmts005,3
fgt1cmts004,3
sac1cmts006,3
server66ru,3
pno1cmts011,3
erm1cmts007,3
vultr-2,3
ipv4-only,3
aruba,3
nosi-2,3
wireguard-2,3
sourceaddressspoofok,2
chello-200mb,2
hsrp,2
old-hardware-unstable,2
quad9,2
cloudflare-2,2
bordeaux,2
berlin,2
czech-republic,2
athens,2
sixtopia,2
ines,2
d8fb5e4f5450,2
gfast-2,2
openway,2
netbynet,2
pon-2,2
teliasonera-2,2
elion-2,2
ketas,2
fcix,2
in_berlin_ev,2
lshiy-2,2
tetaneutralnet-2,2
k12hsn,2
hj,2
wind,2
altibox,2
sosh,2
livebox,2
ffho,2
freifunk-hochstift,2
windstream,2
gvt,2
fdn,2
pacific-ren,2
flets,2
replaced-broken-sandisk-usb-stick,2
apnic,2
netgear,2
adsl2,2
freedom-internet-2,2
vlan,2
public-wifi,2
irancell,2
shatel,2
rightel,2
mci,2
electronicbox,2
numericable,2
meraki,2
wisp,2
yoncu,2
ripe,2
osbil-2,2
ote,2
eduroam,2
vectoring,2
belgacom,2
p4,2
vectra,2
play,2
eircom,2
optik,2
nbn-hfc,2
pantelco,2
cogent,2
internet,2
fritzbox,2
vsat,2
centurylink-2,2
radio,2
cambrium,2
fixed-ip,2
dot,2
1gbps,2
cnc,2
dedicated,2
reunion,2
dom-tom,2
orange-reunion,2
1cb044925502-2,2
init7,2
gfast-4,2
ubiquiti,2
fwa,2
qtnet,2
as4323,2
censof,2
verbatim,2
gfast-6,2
malaysia,2
avm,2
prod,2
interxion,2
mad2,2
udeg,2
rcn,2
uverse,2
redeploy,2
deleted-2,2
wxcafe,2
expo_p-1,2
newmikrotik,2
fibe,2
colt,2
altel-kz,2
furry,2
albuquerque,2
505,2
misot,2
magenta,2
movistar,2
digi,2
eastera,2
pon,2
optimum,2
censorship,2
nanopi-neo-plus2,2
gfast,2
alirezaghoamshahi,2
nrenir,2
system-resolves-a-incorrectly,2
aze,2
webercloud-3,2
meo,2
a1,2
bouyguestelecom,2
ipmn,2
ntp,2
molise,2
venafro,2
pfsense-2,2
mauritius,2
parkercs,2
fulldata,2
asturias,2
eir,2
eir-2,2
datacenter-2,2
bsnl,2
globe-fiber,2
globe-telecom,2
dnswithrpz,2
as47787,2
lxd,2
centos8,2
armv6,2
nunommartins,2
1cb04421,2
deleted,2
1cb04421250d,2
0005ca5f6590,2
7829edf7ad31,2
garrlab,2
online,2
d8fb5e4f5394,2
activecloud,2
hathway,2
asn17488,2
jamesits,2
rocky-linux,2
elv1cmts001,2
vld1cmts008,2
fig1cmts005,2
brg1cmts007,2
1cb044214835,2
avr1cmts004,2
coi1cmts008,2
cai1cmts006,2
erm1cmts008,2
gmr1cmts005,2
pds1cmts004,2
ptm1cmts006,2
fun1cmts012,2
fun1cmts014,2
pno1cmts012,2
gmr1cmts006,2
evr1cmts002,2
vis1cmts003,2
mir1cmts005,2
1cb044213601,2
aws-2,2
nas,2
claro,2
fro1cmts004,2
agp1cmts008,2
1cb04491cf56,2
cmp1cmts009,2
ptm1cmts005,2
hrt1cmts002,2
agh1cmts003,2
coi1cmts007,2
vcd1cmts003,2
pub,2
singtel,2
unlimited,2
launtel,2
ixsy,2
spain,2
canary-islands,2
bsbnetwork,2
software-probe-3,2
cloud-platform-provider,2
bouygues-telecom,2
kubernetes,2
docker-2,2
poda,2
esx,2
geode,2
bahr-it,2
frrouting,2
dpdk,2
vpp,2
ubuntu,2
europe-southwest1-a,2
scaleway-2,2
dedibox,2
campaignmeasurehatespeech,1
as12322,1
pfr,1
deprecated,1
abandoned,1
cmts,1
reannz,1
10m-ethernet,1
streaming,1
surfnet,1
art,1
blocky,1
dnsfiltered,1
ipv4-tunnel,1
ligatv,1
ua-ix,1
nsp,1
defective,1
kpn-2,1
fixed-wireless-2,1
internode,1
defunct,1
sys-bld,1
emfcamp,1
dead-probe,1
dmvpn,1
lost,1
speedbone,1
interoute,1
press,1
stcloud,1
bienert-it,1
hyskov,1
istanbul,1
telehouse,1
teknotel,1
pairbonded,1
freedomnl,1
ipduh,1
as3491,1
as3320,1
submarine-cable,1
hoccer,1
alboinkontor,1
san-company,1
romtelecom,1
bbox,1
self-driven-dns-resolver,1
vodafone-business,1
loved,1
greve,1
doesnt-boot,1
failed-2,1
lmt,1
university,1
megafonnbn,1
akado,1
500-mbits-uplink,1
mgts,1
tasa,1
aachen,1
probe-v2,1
netrebel,1
as58820,1
as136845,1
torified,1
rooty,1
red-corporativa,1
serbia,1
pancevo,1
aivivid,1
sweden,1
nysernet,1
obsolete,1
ripe-does-not-want-to-change-the-ipv6-address,1
hosseinbagherpour,1
government,1
us-central1-a,1
us-east1-b,1
us-east4-c,1
as768,1
janet,1
mohammad-reza-safari,1
10ge-2,1
cidd124624,1
batamix,1
m-net,1
lumen,1
level-3,1
arelion,1
torexit,1
iran-2,1
cisco-asr-1001,1
as3303,1
ip-2,1
eholink,1
gibirnet-2,1
my-lovely-glasses,1
whopping-2-gigabit-internet-on-this-event,1
as6703,1
leo-satellite,1
att-u-verse,1
48,1
switzerland,1
e-caps,1
novi-sad,1
vojvodina,1
failed,1
comcast-dns,1
sidn-labs,1
probe-is-lost,1
sailboat,1
dfox_test,1
mondia-media,1
testlab,1
mainselectricitycouldbemorestable,1
um,1
gre,1
sunrise,1
odido-3,1
zito-media,1
73,1
pa0aa,1
bhncharter-spectrum,1
att-wireless-broadband,1
windstream-kinetic-ftth-1-gbps-symmetrical,1
kyivstar,1
as701,1
sergiozygmunt,1
terrible-line-faults-bt-wontfix,1
darkline-666,1
100m-fasteth,1
apn-livevodafonecom,1
verizon-business-fios-500m,1
gigabit-pro-servicexfinity-x10-fiber,1
dead-2,1
lfeldnet,1
lfeld,1
freedom-2,1
v6pd,1
dhcpv6,1
subject-to-change,1
testing-tagging-3,1
freebox-en-mode-transparent,1
surevoip,1
yemen,1
business-class,1
m1,1
quantum-fiber,1
charterspectrum,1
40020mbps,1
koblenz,1
lutzel,1
metternich,1
ark-colocated,1
cleanfeed,1
pid2500rn,1
ripeprobe,1
radiolink,1
chaostreff,1
ccc,1
soon-eol,1
b-box-3,1
euskaltel,1
uid1572rn,1
ragie,1
roham-datak,1
hidden,1
unplugged,1
sitkomcz,1
ipoe,1
llu,1
mazek,1
1to1-nat,1
poa,1
t-online-telekom,1
as54858,1
free-sas,1
vodafonegigabit,1
spl,1
salzburgag,1
no-isp-dns-resolver,1
606c637c10d0-2,1
nextlayer,1
aetherna,1
comonext,1
ipv6-pi,1
hardware-failed,1
powered-off,1
replaced,1
parsonline,1
100100,1
down,1
hardware-failure,1
comhem,1
rightel-broken,1
wicked,1
yettel,1
customer-site,1
lisp,1
trustpower,1
solcon,1
sorgenia,1
student,1
undergraduate,1
bg,1
jonaz,1
as-15557,1
macbook,1
tone,1
point-to-point,1
gard,1
orange-livebox,1
red-by-sfr,1
alsace,1
maroc-telecom-2,1
bbox-collonges,1
fibrenoire,1
hq,1
gfast-5,1
swisscom-2,1
destroyedbythunderstorm,1
-2,1
fibre-to-cabinet,1
wave,1
astound,1
lareunion,1
n0taz,1
tsyganov,1
netherlands,1
vijfhuizen,1
hideme6,1
iucc,1
geant,1
bretagne,1
saint-malo,1
air-fibre,1
cetin-adsl-bond,1
ebox-2,1
lte-tdd,1
greece,1
hellas,1
grix,1
europe,1
hellenic,1
celebes,1
avesnois,1
versatel,1
syros,1
vdsl2-2,1
deutsche-telekom-as3320,1
as48971,1
2014,1
metropolitan-local-provider,1
free-adsl,1
ku,1
legacy-ip-protocol-6-2,1
orbe,1
boracay,1
metronet-fiber-500x500,1
csb,1
dls-csb,1
dlsu,1
benilde,1
hotelbenilde,1
broadmax,1
live-tim,1
research,1
comcast-50x10,1
le-port,1
ripe-probe19200,1
1gb-switch-dell-powerconnect2624,1
microwave,1
upc-broadband-120mbs,1
smallisp,1
localisp,1
barrierbreaker,1
colo,1
net,1
dki,1
java,1
jakarta,1
capital-town,1
ip,1
dns,1
public-ip,1
network,1
measurements,1
usac-guatemala,1
returned,1
shippedback,1
notinuse,1
fnord,1
guest-lan,1
wholesale,1
w00t,1
coursan,1
aude,1
verizon-dsl-7840,1
sepehrsystemscom,1
za,1
asn559,1
canada,1
150150,1
bc,1
quesnel,1
non-profit,1
kielman,1
rfog,1
edpnet,1
dd-wrt,1
sqmcake,1
completel-network-by-numericable,1
meeseeksanddestroy,1
pldt,1
as13030,1
fallback-to-4g,1
abetic,1
mirghany,1
le-raincy,1
tvws,1
core-isp-lan,1
kalibo,1
faranda,1
samknows,1
resistance-is-futile,1
deutschetelekom,1
vodafonecable,1
public,1
wifi-mesh,1
ipv4-stable,1
becactus,1
removed,1
bigrep,1
region_sfo,1
agora-communications,1
e4a,1
sandisk,1
travels-a-lot,1
progres-httpwwwkablovatvsk,1
noumea,1
la,1
1st-ripe-atlas-in-chittagong-bd,1
wow-300x20,1
gamer,1
mediacompetence,1
as6830,1
technicolor,1
fixed-wireless-access,1
supermedia,1
netcologne,1
blindferret,1
digicel,1
it2,1
1gig,1
broadmax-iletisim-ltd,1
orangesk,1
free-telecom,1
dataspacepl,1
x-com,1
kz,1
xcom,1
1-gige,1
custom-usb-stick,1
validating-resolver,1
qname-minimisation,1
wpgix,1
tripleplay,1
location-changed-2942018,1
indonesia-2,1
telecentro,1
arnet,1
catalonia,1
barcelona,1
adam,1
as15699,1
23830,1
multiwan,1
behedenefenede,1
dc-volia,1
prowebua,1
ua,1
groningen,1
slochteren,1
hellum,1
pcextreme,1
blr,1
adsl-2,1
zeelandnet,1
comcast-business-services,1
uih,1
planetel,1
novanetworks,1
in-production,1
kpn-wba,1
maldives,1
air-zingas-basketball,1
inetmar,1
izmir,1
awesome,1
bog,1
cfsg,1
noroaauth,1
airtel,1
awesomeprobe,1
tagtuesday,1
teliasonera,1
1337,1
cgtelecom,1
netninja,1
cz,1
brno,1
ixpconnect-palermo,1
via-swisscom-bbcs,1
ptm-mode,1
backup-power,1
profile-17a,1
copper7,1
single-homed,1
mcan-huawei-ma5811s-ae48,1
annex-b,1
livebox-jet-fiber-orange-gigabit,1
airmax,1
gutanet,1
not-in-dmz,1
probe-connected-directly-to-cable-modem-no-firewal,1
-4,1
fk,1
repaired,1
inoperable,1
coworking-space,1
att-gigapower,1
t1,1
macedonia,1
skopje,1
medonc-president,1
st-laurent-du-maroni,1
guyane,1
french-guiana,1
oamk,1
saky_net,1
10ge,1
eolo,1
28ghzfwa,1
sonera,1
naissix,1
greenlightnetworks,1
cellcom,1
27142,1
fr7,1
t-online,1
supernap,1
-6,1
freifunk-karlsruhe,1
juniper,1
edgerouter,1
ipv648,1
fiberserver-sunucu-hizmetleri,1
free-3,1
avatel,1
ewe,1
captain-underpants-hosts-a-probe,1
elm,1
as42861,1
fotontelecomcjsc,1
cedia,1
csirt,1
ecuador,1
quito,1
suspended,1
opennebula,1
fablab,1
lab,1
lecce,1
salento,1
200m,1
vula-2,1
fastweb-2,1
calimera-2,1
aisv1,1
2degrees,1
mnet,1
freedominternet-2,1
stofa,1
20820,1
ftth-2,1
valdeloire,1
firstheberg,1
telfort,1
waveg,1
glasvezel-buitenaf,1
arequito,1
vfnl,1
coloau,1
-3,1
freedom-cambrium-coanet,1
metro-ethernet,1
iptransit,1
nbn-fttc,1
odido-2,1
munich,1
paulbunyan,1
domaci-sonda,1
permanently-disconnected,1
map-e,1
johor,1
johorbahru,1
streamyx,1
icodia,1
marseilletaxi,1
apple,1
offline,1
wireless-link,1
ewan,1
as15290,1
gigapower,1
home-office-2,1
ip-tv,1
voip,1
xbox,1
orange-open-up,1
had-filesystem-broken-before,1
magenta-zuhause,1
testing,1
geoblock_russia,1
wireless,1
tunnel,1
ffnw,1
outdoor,1
networkspeed,1
ix,1
datacenter-3,1
burek-port8,1
freifunk-rheinland,1
freifunk-sudpfalz,1
freifunk-haloch,1
replaced-with-probe-34295,1
destroyed-in-tubbs-wildfire,1
ewetel,1
icncl-ripe-probe-01,1
testing-2,1
moscow,1
russia,1
wifire,1
marmaris,1
ahmetozerorg,1
whitedoor,1
whitedoor-router,1
linux-network,1
bgppl,1
lipowskiorg,1
liwest,1
mtu-lower-1500,1
own-dns,1
customized-dns,1
ipv6-only-capable,1
fiber-pon,1
zain,1
neckarcom,1
28885,1
essentech,1
wowway,1
indihome,1
freedomnetnl,1
stc,1
bashtel,1
100mbits,1
residential,1
hilf,1
jsb,1
pfssense,1
unitelnet,1
leiria,1
5590,1
fritzbox-2,1
place-of-the-truth,1
isp-orange,1
4g-box,1
h24,1
365d,1
as3215,1
orange2gb,1
sdsl,1
b0bbe5e2bfb0,1
sabawisp,1
custom-resolver,1
ptr,1
saba-isdp,1
home-office,1
domru,1
ex_xs4all_now_kpn,1
xuejingan,1
fios-3,1
quelab,1
abq,1
swcp,1
southwest-cyberport,1
inet,1
mobile-datacentre,1
undercover-bros,1
nos_-hfc,1
as812,1
vxlan,1
almaty,1
australian-nbn-fttp,1
vdsl-lte-hybrid,1
tsnet,1
stargard,1
poland,1
polska,1
kix,1
tanielacze,1
bng,1
homeoffice,1
idc,1
tlc,1
200100-ftth-german-telekom,1
nf,1
ultranetvip,1
vdsl250mbit,1
wds,1
uster,1
ost,1
l2bsa,1
voo-3,1
proximus-2,1
ahmetozerorg-frankfurt-server2,1
eju,1
talktalk,1
talktalk-dynamic-range,1
dynamic-ip-address,1
bogons,1
balquhidder-community-broadband,1
bcb,1
as25521,1
as13188,1
probeproblems,1
telefonica,1
nat-ipv4,1
wiredethernet,1
info-net,1
net-komp,1
ptmp,1
esmc,1
cox-business,1
mohamed-bubtaina,1
vdsl50,1
1und1,1
switched-off,1
vt-001,1
smarty,1
huawei,1
regensburg,1
germany,1
ups-backed,1
ab-power-feed,1
citylink-telecom,1
connectit,1
post-bamboo,1
malfunctioning-probe,1
double-wan,1
local-dns-resolver,1
arvan,1
arvancloud,1
abrarvan,1
thenioux-meteo,1
as15704,1
store-n-go,1
nt10652107448667,1
flashdrive,1
32gib,1
geekforce,1
comcast-xfinity400mbps10mbps,1
xgspon,1
idc-2,1
probe-v4-2,1
pilot-probe-v4,1
luise,1
trunk-networks,1
qos,1
axxess,1
jferreira,1
rhomelab,1
ubc,1
ntt,1
la-reunion,1
extended-downtime,1
hashtgerd-alborz-rasanapishtaz-wirless,1
dns-filtered,1
bad-website-list-applied,1
student-network,1
icmp-filtered,1
honest-internet,1
socal,1
california,1
20040,1
itux,1
no-dpi,1
dathacker27,1
ham,1
cmts-cable-modem-termination-system,1
hacker,1
rapttor,1
openweb,1
mohsen,1
ntt-west-ngn,1
offline-permanent,1
fastasfuck,1
snip-2,1
cleveland,1
fastasf,1
snip-3,1
fastasfck,1
snip,1
cleveland-2,1
mpls,1
delta-2,1
vdsl-bonding,1
iznd,1
time,1
shah-alam,1
odido,1
holland,1
netherlands-2,1
almere,1
gbe-2,1
1gb,1
edpnet-3,1
artek,1
as57883,1
nbn-2,1
telstra-2,1
fttn-2,1
australia,1
speedify,1
airenetworks,1
windtre,1
of,1
iwantipv6,1
radioamateur,1
corsica,1
tknet,1
edpnet-2,1
pepephone,1
widsl,1
la-possession,1
ppoe-noinet,1
brighthouse,1
ripencc,1
baku,1
azerbaijan,1
knet,1
fttn,1
wtb-native-ipv6-pls-vodafoneis,1
dg,1
school,1
south-harbour,1
vmb,1
vmo2,1
virgin,1
siro,1
10gbe-2,1
alsace-2,1
charter,1
56-prefix,1
beeline-kz,1
kurgan,1
kurgan-telecom,1
ural,1
home-co-ltd,1
ru,1
wps,1
loadbalanced,1
data-centre,1
orange-france-telecom,1
up1000mbps,1
ipv4-nat,1
ipv6-no-nat,1
down1000mbps,1
telecu,1
drwifi,1
renater,1
startca,1
as20001,1
mikrotik-2,1
hurricane,1
charter-spectrum,1
trueidc,1
carrier-neutral-data-center,1
openfiber-3,1
adguard,1
7829edf7ad95,1
symmetrical,1
suddenlink,1
rdns,1
telia-2,1
oppet-stadsnat,1
open-stream,1
ofdma,1
rx,1
proxad,1
optus,1
feromedia,1
fastspeed,1
korea,1
seoul,1
lgu,1
adp,1
wilhelmtel,1
yolocolo,1
isp_b,1
dc07,1
nosmadeira,1
nextdns,1
bahnhof,1
hardware-failed-2,1
altafiber,1
st-paul,1
att-fiber,1
free-wifi,1
fttx,1
rt,1
singapore,1
eboxca,1
bsd,1
opnsense,1
santa-fe,1
funkfeuer,1
fw,1
fastgate,1
konverto,1
v5,1
urosuwashere,1
60175,1
n100,1
pro,1
4rd,1
suchana,1
ispbills,1
tds,1
virginmedia-2,1
vdsl-supervectoring,1
ogero,1
centurylink-3,1
brigtspeed,1
rf-backhaul,1
fibra-2,1
ctv,1
guichet,1
as10352-solarus,1
solnet,1
hawaii,1
datagarage,1
vigor165,1
opnsense-2,1
x11ssi-ln4f,1
supermicro,1
galactica,1
llangreu,1
asturies,1
probe-v5,1
verizon5g,1
calix-xgs-pon,1
nextlight,1
10gb,1
nos,1
t-mobile-home-internet,1
bulsat,1
biznet-networks,1
as17451,1
svdsl,1
cloudvip,1
fibre-5g-failover,1
elektro,1
dna-oyj,1
as16086,1
dna,1
itb2,1
epon,1
ftts,1
sonicnet,1
verizon-home-internet,1
gen3,1
dsl-failover,1
as1221,1
omr-router,1
cpl,1
aussie-broadband,1
verizon-fwa,1
netcombw,1
tecnoven,1
epix-2,1
a2b,1
300m-internet,1
sarvagya-2,1
sky,1
firewalla,1
noida,1
utopia,1
fortigate,1
replacement-for-1001468,1
fr,1
pt,1
joaoccabral,1
1cb0442138bd,1
raspberry-pi-1-mod-b,1
sasag,1
94917f323c2e,1
andreaparicio,1
94917f32,1
1cb0442128cd,1
u80034452,1
1cb044212da5,1
danielbernardo,1
centos7,1
0005cad8a4f0,1
odroidxu43,1
d8fb5e4f5482,1
felisbelo,1
udoo-003,1
udoo-004,1
a84e3f136170,1
udoo-006,1
swprobe,1
vmdeskmini,1
cg_p-3,1
d8fb5e4f538d,1
dhcp07b,1
rcod,1
activehost,1
dataline,1
beltelecom,1
sentia,1
raspberry-pi-1-mod-b-2,1
software,1
charter-2,1
euc1-az1,1
rpi4-debian,1
retired,1
caw1-az2,1
ilc1-az3,1
t-mobile-thuis,1
afs1-az3,1
mes1-az3,1
sae1-az1,1
docsis2,1
netahoy,1
softprobe,1
migrated-from-laptop-to-pi-on-20210108,1
v2-2,1
teredo,1
ipv6-teredo,1
virtualized,1
nbn-fttp,1
dns-over-tls,1
moscow-2,1
russia-2,1
vivacom,1
triple-nat,1
1cb0442136a1,1
08b0551575ac,1
1cb0442146a5,1
1cb044214899,1
1cb044213c19,1
1cb0442142e5,1
1cb04421377d,1
08b055054f9c,1
1cb044212e09,1
1cb044213741,1
1cb044213809,1
1cb0442138f9,1
1cb0442136f1,1
1cb044213da9,1
1cb044213b01,1
1cb04421467d,1
1cb0442140f1,1
1cb04489acdf,1
7829eda429ea,1
c8b422adc1e3,1
1cb044927e7e,1
vcd1,1
1cb04492d202,1
c8b422b2f703,1
1cb04491eb9e,1
7829edf77861,1
1cb04491c4de,1
1cb044927fbe,1
7cdb98caea7b,1
1cb0449230fe,1
1cb0442128f5,1
1cb044212b11,1
1cb0442137a5,1
1cb044213089,1
08b055132f18,1
1cb044214b91,1
erm1cmts0071,1
1cb044213561,1
1cb044214bb9,1
qc-1cb0442126ed,1
1cb044212c79,1
1cb044214b69,1
1cb044213a39,1
1cb044213539,1
priv,1
08b05514ed58,1
1cb04491f5b2,1
1cb044922866,1
7829edf85169,1
snt1cmts005,1
1cb04489aa5f,1
1cb044924f26,1
1cb044214641,1
7829ed1baf5e,1
odi1cmts010-31,1
1cb044213831,1
sky-ire,1
mde,1
africa,1
collocation,1
as328840,1
cameroon,1
pi,1
7829eda41036,1
crh1cmts002,1
1cb04491cdb2,1
7829eda4290e,1
1cb044928e46,1
lra1cmts010,1
08b05514e8f8,1
1cb044923b3a,1
1cb04421359d,1
1cb044921b1e,1
1cb044927d52,1
c8b422b56c13,1
7829ed1b65b2,1
94917f329d5e,1
08b05506a7e8,1
1cb044215a55,1
1cb0442159b5,1
1cb044215acd,1
1cb0442127dd,1
1cb044213921,1
1cb044214b19,1
1cb044212df5,1
1cb04491ebda,1
1cb044212cc9,1
1cb044213039,1
1cb044212bb1,1
1cb044212d91,1
1cb044212d41,1
1cb044212751,1
7829edf7ad81,1
1cb044212c3d,1
1cb0442132e1,1
1cb04421372d,1
1cb04491d8ca,1
1cb04492adc2,1
nos_v5a_sw_agp1_ad32,1
1cb04491ac92,1
7cdb98c679ff,1
1cb044929666,1
1cb04492797e,1
08b05513adf8,1
1cb044212625,1
alg1,1
1cb044214bcd,1
08b05506b3a0,1
08b055027c40,1
anti-ddos,1
1cb04491db9a,1
c8b422b183af,1
1cb04491e806,1
1cb044921e66,1
1cb0449283ce,1
1cb044928b76,1
1cb04489ac53,1
08b0550801ec,1
7829eda3f8b2,1
1cb04492999a,1
o,1
localroot,1
docker-nat66,1
senselan,1
agp1cmts006,1
1cb04421327d,1
1cb044212f5d,1
1cb044213269,1
1cb04421309d,1
1cb04421458d,1
1cb0442138a9,1
1cb0442134ad,1
1cb0442137e1,1
1cb0442138d1,1
1cb0442145dd,1
1cb04421381d,1
1cb0442125ad,1
1cb0442124a9,1
1cb044212ad5,1
1cb044212b25,1
1cb044213241,1
maendeleolab,1
cloudballersclub,1
vm-ubuntu2004,1
disabled,1
replaced-by-hw-probe-63060-2,1
ubuntu-host,1
raspberry-b,1
inactive,1
1cb0449254da,1
1cb044214aa1,1
1cb0442140b5,1
1cb044212afd,1
1cb044212c51,1
1cb044213075,1
1cb0442130ed,1
1cb044214579,1
1cb044214619,1
vn14,1
1cb044214795,1
1cb04492520a,1
1cb044212a21,1
1cb04421336d,1
1cb04421368d,1
1cb044213679,1
1cb04421435d,1
1cb044214c45,1
7cdb98c8f1cb,1
1cb04489acb7,1
1cb044214691,1
1cb044213629,1
1cb0442139d5,1
1cb044212b75,1
1cb04421395d,1
1cb0449262fe,1
7cdb98cb3693,1
7829edf7d469,1
1cb044214c81,1
1cb04421386d,1
1cb044214849,1
1cb0442141a5,1
1cb044214b41,1
1cb044213651,1
1cb044214c95,1
1cb044213025,1
1cb04491abde,1
1cb044214d21,1
1cb044213c7d,1
1cb044923d92,1
1cb0449262d6,1
1cb0442129f9,1
1cb04489a0ff,1
7829edf84921,1
94917f325e52,1
7829edf770f5,1
7cdb98c79583,1
7cdb98c82fbb,1
c8b422b39217,1
1cb04491bd5e,1
1cb0449285ea,1
08b0550b41f4,1
1cb044928a0e,1
1cb04491ba8e,1
08b055088f68,1
7829edf835e9,1
1cb044920ba6,1
1cb0449208fe,1
1cb0442147d1,1
1cb04491add2,1
1cb04491cc4a,1
odi1cmts010,1
1cb044929972,1
1cb04491bb2e,1
08b055122e10,1
1cb044928702,1
7829ed1bb116,1
7829edf77145,1
7cdb98c88abf,1
7cdb98ca8a8b,1
1cb0449283ba,1
1cb0449297e2,1
c8b422b48893,1
vpi1cmts006,1
outoforder,1
7829edf98165,1
ieee,1
cor07,1
08b0551179ac,1
rpd,1
fgt1cmts005,1
c8b422b0a813,1
7829edf984e9,1
7cdb98416177,1
c8b422b43087,1
beta-2,1
spacex,1
lowearthorbit,1
leo,1
residential-2,1
pacificnorthwest,1
email_eric_at_onegigabit_dot_com_for_questions,1
7cdb98c64287,1
1cb04492116e,1
1cb044928252,1
1cb04492828e,1
7829edf77b45,1
7829edf99691,1
7829edf7d211,1
7829edf83869,1
7829edf8486d,1
1cb044214c1d,1
7829edf779f1,1
c8b422b1ca13,1
1cb04491edf6,1
1cb04492198e,1
1cb04492198e-2,1
1cb0449287b6,1
1cb0449224e2,1
1cb044929c42,1
1cb044929c42-2,1
7cdb98cd1ec7,1
1cb04491b07a,1
1cb044928a4a,1
1cb044928d56,1
7cdb98c7efab,1
7829edf77311,1
1cb04491c7fe,1
1cb04489a1c7,1
c8b422afcc27-2,1
c8b422b5adb3,1
1cb044927ea6,1
1cb044927ea6-2,1
1cb044928112,1
1cb04492ab06,1
apu2,1
7829eda42792,1
1cb04492963e,1
7cdb98ca04cb,1
1cb04492971a,1
7829ed1bb242,1
1cb0449293fa,1
1cb044928536,1
1cb0449297ba,1
7829ed1baf36,1
1cb04489ab13,1
1cb04489abc7,1
1cb0449280c2,1
c8b422af99c3,1
c8b422b70b13,1
08b0550e6af0,1
1cb0449295c6,1
7829eda42a9e,1
1cb0449279f6,1
7829ed1babb2,1
1cb044214be1,1
1cb04491ce66,1
1cb0449289d2,1
7829edf76a15,1
1cb044212ffd,1
1cb04491ceb6,1
1cb04492242e,1
7cdb98cbfebb,1
1cb0442134fd,1
1cb04489aca3,1
7829edf7a809,1
7829edf7ae21,1
1cb044213881,1
1cb04492098a,1
1cb044928892,1
1cb044214b2d,1
1cb044212549,1
1cb0442126c5,1
1cb044212891,1
1cb0442128cd-2,1
jf,1
840b7c1835e0,1
palfa-2,1
1cb044212a85,1
1cb044214871-2,1
1cb04491f472-2,1
1cb044922992,1
1cb044922a32,1
1cb0449250de,1
1cb04492517e,1
1cb0449251e2,1
1cb044925502,1
7cdb9840edeb,1
7cdb9840f24b,1
7cdb9840f43f,1
7cdb9840fdc7,1
c8b422b704ab,1
gpnrp-2,1
08b055022d44,1
7829eda4105e,1
08b05504e23c,1
7cdb98c6906b,1
c8b422ae5d97,1
94917f2fe29e,1
rme1cmts003,1
7cdb98c946f3,1
7cdb98413d5f,1
08b05512c780,1
08b055244258,1
c8b422b0e873,1
08b0550628cc,1
08b0550a427c,1
08b0551a8d30,1
c8b422b1b2f3,1
08b05505eda8,1
7829edf98089,1
sqm_cake,1
sqm,1
sb6193,1
intelpumamodem,1
failover,1
swprobe02,1
ziply,1
1921689810,1
103-vmgroningen-zernikepagusitnetwork,1
103-vmgroningen-westpoortpagusitnetwork,1
1921689410,1
vultr,1
1921686718,1
zabbix02-vmutrechtpagusitnetwork,1
probe01-dmzzaltbommelsysactivenetwork,1
ipv6-to-as6667-is-broken,1
udoo-005,1
840b7c18,1
840b7c183040,1
forwardingplane-2,1
isocpa,1
x86_64-gnulinux,1
vmware,1
cfl,1
communityfibre,1
asn201838,1
pi-zero,1
virtualmachine,1
1cb0442126b1,1
lab-2,1
f8084ff8e7fe,1
nanojet,1
meo-2,1
operatornat,1
docker-synology,1
software-2,1
makerere-university,1
840b7c1835e0-2,1
840b7c183240,1
840b7c183270,1
840b7c1832d0,1
840b7c183300,1
840b7c184400,1
840b7c183490,1
840b7c183550,1
840b7c1832c0,1
840b7c182eb0,1
840b7c182ed0,1
840b7c183020,1
840b7c183620,1
840b7c182f00,1
840b7c1834c0,1
840b7c182e90,1
840b7c1830b0,1
840b7c1833c0,1
840b7c183310,1
840b7c183690,1
840b7c182fd0,1
840b7c183400,1
840b7c183110,1
840b7c183330,1
840b7c1843e0,1
840b7c1836c0,1
pno1cmts009,1
840b7c1830c0,1
840b7c1833d0,1
840b7c182ee0,1
840b7c183130,1
840b7c182f40,1
840b7c1830d0,1
840b7c183290,1
840b7c182fc0,1
840b7c187600,1
840b7c184c80,1
840b7c183940,1
840b7c184430,1
840b7c185a90,1
840b7c184b20,1
840b7c1834e0,1
840b7c186130,1
840b7c185200,1
altice,1
cablevision,1
840b7c182f90,1
840b7c183140,1
coanet,1
ftth-3,1
thinkpad-2,1
x240,1
laptop,1
destroyed-4-7-22,1
iinet,1
in-dmz,1
init7-2,1
apse3-az1,1
ape1-az1,1
eun1-az1,1
euw3-az1,1
eus1-az1,1
euw2-az2,1
euw1-az2,1
aps1-az1,1
apne3-az3,1
apne2-az1,1
apse1-az2,1
apse2-az3,1
apne1-az4,1
use1-az6,1
use2-az1,1
usw1-az1,1
usw2-az2,1
cac1-az1,1
wwan,1
very-mobile,1
ctcucm-static-bgp,1
windtre-2,1
rpki-invalid-2,1
as149794,1
cyres-2,1
adista,1
tours-2,1
sao-pedro,1
serranos,1
mts,1
lte-mts,1
lte-spb-cluster,1
mac,1
proxmox,1
virtual,1
kinber,1
softwareprobe,1
low-latency-gamer-network,1
idecnet,1
rtb_owned,1
dmz-redirects-incoming-connections,1
vmware-bridged-connection,1
metropolitan,1
delta-fiber-nl,1
transip,1
vps-2,1
cbr-8,1
1cb04492549e,1
libre01,1
e6000,1
1cb04492552a,1
libre02,1
4to6,1
evolunet,1
500-mbit,1
l2tp,1
virginmedia,1
zte-mc801a,1
us-east-1-atl-1a,1
us-east-1-bos-1a,1
us-east-1-chi-1a,1
us-east-1-dfw-1a,1
us-east-1-iah-1a,1
us-east-1-mci-1a,1
us-east-1-mia-1a,1
us-east-1-msp-1a,1
us-east-1-nyc-1a,1
us-east-1-phl-1a,1
us-west-2-las-1a,1
us-west-2-pdx-1a,1
us-west-2-sea-1a,1
us-west-2-lax-1a,1
us-west-2-lax-1b,1
debian,1
gns3,1
consumer,1
mec1-az1,1
warp,1
rhel8,1
redhat,1
cisco,1
supermicro-2,1
workstation,1
catv,1
as8881,1
dorm-2,1
sg,1
punggol,1
sengkang,1
singapore-2,1
euc2-az1,1
eus2-az3,1
apse4-az1,1
3c1b,1
wwwuiblogit,1
free-tier,1
aps2-az3,1
glasfaser,1
off,1
cloud-2,1
hetzner,1
eliminated,1
aql,1
-5,1
write-off,1
will-be-remove,1
bnet,1
ign-inteliglobe-argentina-srl,1
nhs-eus,1
nhs-wus,1
nhs-ncus,1
nhs-weu,1
nhs-neu,1
nosi-3,1
nokia,1
k3s,1
xs-010x-q,1
udm-pro-se,1
huawei-2,1
dfn,1
xgs-pon,1
mint20-3330,1
gois,1
delta,1
decommissioned-2,1
1gbit,1
delta-fiber,1
500mbitsec,1
openmediavault,1
chr,1
jmdi,1
e24cloud,1
dc2,1
proxmox-3,1
rock64,1
armbian,1
wind-2,1
ubuntu-server,1
shikha,1
rindus,1
turris-10,1
k8s-2,1
voip-2,1
respina1,1
sefroyek,1
asiatech,1
mci-sanandaj,1
cosmote,1
th_dc,1
japan,1
winux,1
as136342,1
o2_dc,1
celerity,1
satnet,1
proximus-3,1
dual-ips,1
unbound,1
adguardhome,1
multifiber,1
pianetafibra,1
dfn-2,1
sevilla,1
nordvpn,1
google-compute,1
ee,1
mikrotik-container,1
odroidxu42,1
pine64-01,1
xtom,1
bharti,1
cubox,1
tpnet,1
orange-2,1
atlanticnet,1
oracle-2,1
chengdu1,1
1-2,1
lab-server,1
as24560,1
oci,1
unidata,1
hetzner-2,1
netcup,1
abrishamcloud,1
vivo-2,1
dirhost,1
dedicated-2,1
raspberrypi,1
azure-2,1
frikandel,1
france-central,1
europe-west9-a,1
europe-west9,1
